PRAGMA foreign_keys=OFF;
BEGIN TRANSACTION;
CREATE TABLE "django_migrations" ("id" integer NOT NULL PRIMARY KEY AUTOINCREMENT, "app" varchar(255) NOT NULL, "name" varchar(255) NOT NULL, "applied" datetime NOT NULL);
INSERT INTO "django_migrations" VALUES(1,'contenttypes','0001_initial','2017-01-31 07:30:31.349524');
INSERT INTO "django_migrations" VALUES(2,'auth','0001_initial','2017-01-31 07:30:31.364086');
INSERT INTO "django_migrations" VALUES(3,'admin','0001_initial','2017-01-31 07:30:31.374778');
INSERT INTO "django_migrations" VALUES(4,'admin','0002_logentry_remove_auto_add','2017-01-31 07:30:31.385318');
INSERT INTO "django_migrations" VALUES(5,'contenttypes','0002_remove_content_type_name','2017-01-31 07:30:31.410511');
INSERT INTO "django_migrations" VALUES(6,'auth','0002_alter_permission_name_max_length','2017-01-31 07:30:31.421244');
INSERT INTO "django_migrations" VALUES(7,'auth','0003_alter_user_email_max_length','2017-01-31 07:30:31.431637');
INSERT INTO "django_migrations" VALUES(8,'auth','0004_alter_user_username_opts','2017-01-31 07:30:31.442525');
INSERT INTO "django_migrations" VALUES(9,'auth','0005_alter_user_last_login_null','2017-01-31 07:30:31.451568');
INSERT INTO "django_migrations" VALUES(10,'auth','0006_require_contenttypes_0002','2017-01-31 07:30:31.452799');
INSERT INTO "django_migrations" VALUES(11,'auth','0007_alter_validators_add_error_messages','2017-01-31 07:30:31.462340');
INSERT INTO "django_migrations" VALUES(12,'auth','0008_alter_user_username_max_length','2017-01-31 07:30:31.475546');
INSERT INTO "django_migrations" VALUES(13,'sessions','0001_initial','2017-01-31 07:30:31.479137');
INSERT INTO "django_migrations" VALUES(14,'API','0001_initial','2017-02-01 03:38:15.436245');
INSERT INTO "django_migrations" VALUES(15,'API','0002_auto_20170201_0840','2017-02-01 08:40:39.684215');
INSERT INTO "django_migrations" VALUES(16,'API','0003_auto_20170201_0842','2017-02-01 08:43:00.756922');
CREATE TABLE "auth_group" ("id" integer NOT NULL PRIMARY KEY AUTOINCREMENT, "name" varchar(80) NOT NULL UNIQUE);
CREATE TABLE "auth_group_permissions" ("id" integer NOT NULL PRIMARY KEY AUTOINCREMENT, "group_id" integer NOT NULL REFERENCES "auth_group" ("id"), "permission_id" integer NOT NULL REFERENCES "auth_permission" ("id"));
CREATE TABLE "auth_user_groups" ("id" integer NOT NULL PRIMARY KEY AUTOINCREMENT, "user_id" integer NOT NULL REFERENCES "auth_user" ("id"), "group_id" integer NOT NULL REFERENCES "auth_group" ("id"));
CREATE TABLE "auth_user_user_permissions" ("id" integer NOT NULL PRIMARY KEY AUTOINCREMENT, "user_id" integer NOT NULL REFERENCES "auth_user" ("id"), "permission_id" integer NOT NULL REFERENCES "auth_permission" ("id"));
CREATE TABLE "django_admin_log" ("id" integer NOT NULL PRIMARY KEY AUTOINCREMENT, "object_id" text NULL, "object_repr" varchar(200) NOT NULL, "action_flag" smallint unsigned NOT NULL, "change_message" text NOT NULL, "content_type_id" integer NULL REFERENCES "django_content_type" ("id"), "user_id" integer NOT NULL REFERENCES "auth_user" ("id"), "action_time" datetime NOT NULL);
INSERT INTO "django_admin_log" VALUES(1,'1','Card object',1,'[{"added": {}}]',7,1,'2017-02-01 08:44:00.882148');
INSERT INTO "django_admin_log" VALUES(2,'2','Card object',1,'[{"added": {}}]',7,1,'2017-02-02 04:20:52.466375');
INSERT INTO "django_admin_log" VALUES(3,'3','Mitochondria is the powerhouse of the cell',3,'',7,1,'2017-02-02 07:54:25.474684');
CREATE TABLE "django_content_type" ("id" integer NOT NULL PRIMARY KEY AUTOINCREMENT, "app_label" varchar(100) NOT NULL, "model" varchar(100) NOT NULL);
INSERT INTO "django_content_type" VALUES(1,'admin','logentry');
INSERT INTO "django_content_type" VALUES(2,'auth','group');
INSERT INTO "django_content_type" VALUES(3,'auth','permission');
INSERT INTO "django_content_type" VALUES(4,'auth','user');
INSERT INTO "django_content_type" VALUES(5,'contenttypes','contenttype');
INSERT INTO "django_content_type" VALUES(6,'sessions','session');
INSERT INTO "django_content_type" VALUES(7,'API','card');
INSERT INTO "django_content_type" VALUES(8,'API','deck');
INSERT INTO "django_content_type" VALUES(9,'API','user');
CREATE TABLE "auth_permission" ("id" integer NOT NULL PRIMARY KEY AUTOINCREMENT, "content_type_id" integer NOT NULL REFERENCES "django_content_type" ("id"), "codename" varchar(100) NOT NULL, "name" varchar(255) NOT NULL);
INSERT INTO "auth_permission" VALUES(1,1,'add_logentry','Can add log entry');
INSERT INTO "auth_permission" VALUES(2,1,'change_logentry','Can change log entry');
INSERT INTO "auth_permission" VALUES(3,1,'delete_logentry','Can delete log entry');
INSERT INTO "auth_permission" VALUES(4,2,'add_group','Can add group');
INSERT INTO "auth_permission" VALUES(5,2,'change_group','Can change group');
INSERT INTO "auth_permission" VALUES(6,2,'delete_group','Can delete group');
INSERT INTO "auth_permission" VALUES(7,3,'add_permission','Can add permission');
INSERT INTO "auth_permission" VALUES(8,3,'change_permission','Can change permission');
INSERT INTO "auth_permission" VALUES(9,3,'delete_permission','Can delete permission');
INSERT INTO "auth_permission" VALUES(10,4,'add_user','Can add user');
INSERT INTO "auth_permission" VALUES(11,4,'change_user','Can change user');
INSERT INTO "auth_permission" VALUES(12,4,'delete_user','Can delete user');
INSERT INTO "auth_permission" VALUES(13,5,'add_contenttype','Can add content type');
INSERT INTO "auth_permission" VALUES(14,5,'change_contenttype','Can change content type');
INSERT INTO "auth_permission" VALUES(15,5,'delete_contenttype','Can delete content type');
INSERT INTO "auth_permission" VALUES(16,6,'add_session','Can add session');
INSERT INTO "auth_permission" VALUES(17,6,'change_session','Can change session');
INSERT INTO "auth_permission" VALUES(18,6,'delete_session','Can delete session');
INSERT INTO "auth_permission" VALUES(19,7,'add_card','Can add card');
INSERT INTO "auth_permission" VALUES(20,7,'change_card','Can change card');
INSERT INTO "auth_permission" VALUES(21,7,'delete_card','Can delete card');
INSERT INTO "auth_permission" VALUES(22,8,'add_deck','Can add deck');
INSERT INTO "auth_permission" VALUES(23,8,'change_deck','Can change deck');
INSERT INTO "auth_permission" VALUES(24,8,'delete_deck','Can delete deck');
INSERT INTO "auth_permission" VALUES(25,9,'add_user','Can add user');
INSERT INTO "auth_permission" VALUES(26,9,'change_user','Can change user');
INSERT INTO "auth_permission" VALUES(27,9,'delete_user','Can delete user');
CREATE TABLE "auth_user" ("id" integer NOT NULL PRIMARY KEY AUTOINCREMENT, "password" varchar(128) NOT NULL, "last_login" datetime NULL, "is_superuser" bool NOT NULL, "first_name" varchar(30) NOT NULL, "last_name" varchar(30) NOT NULL, "email" varchar(254) NOT NULL, "is_staff" bool NOT NULL, "is_active" bool NOT NULL, "date_joined" datetime NOT NULL, "username" varchar(150) NOT NULL UNIQUE);
INSERT INTO "auth_user" VALUES(1,'pbkdf2_sha256$30000$FkAtwinZKtXI$RIndoDVDCvin3mpQIkjfRyIEQPu5tkTlcov1JPGw1ZA=','2017-01-31 07:39:18.844299',1,'','','rearmlkp@gmail.com',1,1,'2017-01-31 07:31:00.750197','rearmlkp');
CREATE TABLE "django_session" ("session_key" varchar(40) NOT NULL PRIMARY KEY, "session_data" text NOT NULL, "expire_date" datetime NOT NULL);
INSERT INTO "django_session" VALUES('arq6qchwitr2x05co49yr7ay9vzrl51y','OTU2ZTljNGQ1OGNjN2I4MTE2ODdmZTliNzAyZTU2MGMyNzM3MWIzNDp7Il9hdXRoX3VzZXJfaWQiOiIxIiwiX2F1dGhfdXNlcl9iYWNrZW5kIjoiZGphbmdvLmNvbnRyaWIuYXV0aC5iYWNrZW5kcy5Nb2RlbEJhY2tlbmQiLCJfYXV0aF91c2VyX2hhc2giOiIzNjFhY2JlM2VjZjc1ZmM2MGZiOTYyZjkwZTcyNWYzY2M3ZTJiYTc3IiwidXNlcm5hbWUiOiJyZWFybWxrcCJ9','2017-02-23 08:43:49.124739');
INSERT INTO "django_session" VALUES('4sefr6edpdiuftv9kfekgq8zlw0pgfqa','ZGI4NjZlNTJjY2VjYjcyMjdiNDE1MzMwNjM2MWM3NGIzMWUwYzkxOTp7InVzZXJuYW1lIjoicmVhcm1sa3AifQ==','2017-03-23 13:33:21.327426');
CREATE TABLE "API_deck_cards" ("id" integer NOT NULL PRIMARY KEY AUTOINCREMENT, "deck_id" integer NOT NULL REFERENCES "API_deck" ("id"), "card_id" integer NOT NULL REFERENCES "API_card" ("id"));
INSERT INTO "API_deck_cards" VALUES(1,1,9);
INSERT INTO "API_deck_cards" VALUES(2,1,10);
INSERT INTO "API_deck_cards" VALUES(3,1,11);
INSERT INTO "API_deck_cards" VALUES(4,1,12);
INSERT INTO "API_deck_cards" VALUES(5,1,13);
INSERT INTO "API_deck_cards" VALUES(6,1,14);
CREATE TABLE "API_user" ("id" integer NOT NULL PRIMARY KEY AUTOINCREMENT, "username" varchar(100) NOT NULL, "password" varchar(50) NOT NULL);
INSERT INTO "API_user" VALUES(1,'bao','123');
CREATE TABLE "API_deck" ("id" integer NOT NULL PRIMARY KEY AUTOINCREMENT, "name" varchar(100) NOT NULL, "user_id" integer NOT NULL REFERENCES "API_user" ("id"));
INSERT INTO "API_deck" VALUES(1,'Biology',1);
INSERT INTO "API_deck" VALUES(2,'History',1);
CREATE TABLE "API_card" ("id" integer NOT NULL PRIMARY KEY AUTOINCREMENT, "add_date" datetime NOT NULL, "last_review_date" datetime NOT NULL, "back" varchar(1000) NOT NULL, "front" varchar(1000) NOT NULL, "review_count" integer NOT NULL, "type" integer NOT NULL);
INSERT INTO "API_card" VALUES(1,'2017-02-01 08:43:12','2017-02-01 08:43:12','<hide>Mitochondria</hide> is the powerhouse of the cell','Mitochondria is the powerhouse of the cell',0,0);
INSERT INTO "API_card" VALUES(2,'2017-02-02 04:19:29','2017-02-02 04:19:29','Use short sentences to create <hide>punch</hide> and make a <hide>point</hide>','Use short sentences to create punch and make a point',0,0);
INSERT INTO "API_card" VALUES(4,'2017-02-02 07:57:27.915696','2017-02-02 07:57:27.915702','Complex sentence is a sentence with <hide>one independent clause</hide> and at least <hide>one dependent clause</hide>.','Complex sentence is a sentence with one independent clause and at least one dependent clause.',0,0);
INSERT INTO "API_card" VALUES(5,'2017-02-04 16:43:19.023025','2017-02-04 16:43:19.023029','<hide>Fragment</hide> is a word, phrase, or clause that does not form a full sentence','Fragment is a word, phrase, or clause that does not form a full sentence',0,0);
INSERT INTO "API_card" VALUES(6,'2017-02-04 16:45:05.100353','2017-02-04 16:45:05.100358','<hide>Puritan</hide> a member of a religious group that wanted to simplify the practice of the church of England','Puritan a member of a religious group that wanted to simplify the practice of the church of England',0,0);
INSERT INTO "API_card" VALUES(7,'2017-02-04 16:46:15.326302','2017-02-04 16:46:15.326308','Royal colony a colony under the rule of <hide>king or queen</hide>','Royal colony a colony under the rule of king or queen',0,0);
INSERT INTO "API_card" VALUES(8,'2017-02-04 16:49:49.503677','2017-02-04 16:49:49.503682','<hide>Lipid Bilayer</hide> is a <hide>double-layered</hide> sheet that forms the core of nearly all cell membranes','Lipid Bilayer is a double-layered sheet that forms the core of nearly all cell membranes',0,0);
INSERT INTO "API_card" VALUES(9,'2017-02-24 03:09:48.424864','2017-02-24 03:09:48.424864','<hide>Bengal</hide> is a type of cat','Bengal is a type of cat',0,0);
INSERT INTO "API_card" VALUES(10,'2017-02-24 03:30:54.931677','2017-02-24 03:30:54.931677','I am in relation ship with <hide>no one</hide>','I am in relation ship with no one',0,0);
INSERT INTO "API_card" VALUES(11,'2017-02-28 13:40:52.655032','2017-02-28 13:40:52.655032','<hide>Khanh kt</hide> is the boss','Khanh kt is the boss',0,0);
DELETE FROM sqlite_sequence;
INSERT INTO "sqlite_sequence" VALUES('django_migrations',16);
INSERT INTO "sqlite_sequence" VALUES('django_admin_log',3);
INSERT INTO "sqlite_sequence" VALUES('django_content_type',9);
INSERT INTO "sqlite_sequence" VALUES('auth_permission',27);
INSERT INTO "sqlite_sequence" VALUES('auth_user',1);
INSERT INTO "sqlite_sequence" VALUES('API_deck',14);
INSERT INTO "sqlite_sequence" VALUES('API_card',14);
INSERT INTO "sqlite_sequence" VALUES('API_user',1);
INSERT INTO "sqlite_sequence" VALUES('API_deck_cards',6);
CREATE UNIQUE INDEX "auth_group_permissions_group_id_0cd325b0_uniq" ON "auth_group_permissions" ("group_id", "permission_id");
CREATE INDEX "auth_group_permissions_0e939a4f" ON "auth_group_permissions" ("group_id");
CREATE INDEX "auth_group_permissions_8373b171" ON "auth_group_permissions" ("permission_id");
CREATE UNIQUE INDEX "auth_user_groups_user_id_94350c0c_uniq" ON "auth_user_groups" ("user_id", "group_id");
CREATE INDEX "auth_user_groups_e8701ad4" ON "auth_user_groups" ("user_id");
CREATE INDEX "auth_user_groups_0e939a4f" ON "auth_user_groups" ("group_id");
CREATE UNIQUE INDEX "auth_user_user_permissions_user_id_14a6b632_uniq" ON "auth_user_user_permissions" ("user_id", "permission_id");
CREATE INDEX "auth_user_user_permissions_e8701ad4" ON "auth_user_user_permissions" ("user_id");
CREATE INDEX "auth_user_user_permissions_8373b171" ON "auth_user_user_permissions" ("permission_id");
CREATE INDEX "django_admin_log_417f1b1c" ON "django_admin_log" ("content_type_id");
CREATE INDEX "django_admin_log_e8701ad4" ON "django_admin_log" ("user_id");
CREATE UNIQUE INDEX "django_content_type_app_label_76bd3d3b_uniq" ON "django_content_type" ("app_label", "model");
CREATE UNIQUE INDEX "auth_permission_content_type_id_01ab375a_uniq" ON "auth_permission" ("content_type_id", "codename");
CREATE INDEX "auth_permission_417f1b1c" ON "auth_permission" ("content_type_id");
CREATE INDEX "django_session_de54fa62" ON "django_session" ("expire_date");
CREATE INDEX "API_deck_e8701ad4" ON "API_deck" ("user_id");
COMMIT;
